YEAR,MONTH,financial_income_month,financial_income_ytd,other_income_month,other_income_ytd,other_expense_month,other_expense_ytd,financial_cost_month,financial_cost_ytd,corporate_tax_month,corporate_tax_ytd
2025,1,54408.889506838525,46054.31496519527,116511.96616144163,110090.73723603591,23490.952008947723,36711.23656348591,18842.57275447229,18354.4585099622,167956.2024379688,135858.50011019403
2025,2,52401.581355437964,105132.75045730281,115597.92835839407,206117.52849964087,29227.41484534494,53431.02527129755,20799.243890543265,32599.31837695656,100951.66739240238,302026.51116583374
2025,3,49219.542040404805,150308.57702312683,98194.94821604146,268788.9130676519,37885.19732733756,98309.113883891,18380.47172446773,59738.41965712531,165009.405418498,430696.91596370994
